{"C":{"('bar', 'one')":1.5820947237,"('bar', 'three')":0.7783176372,"('bar', 'two')":0.1542060982,"('foo', 'one')":2.1015413891,"('foo', 'three')":0.3598134459,"('foo', 'two')":-1.2492306717},"D":{"('bar', 'one')":-1.0906240128,"('bar', 'three')":-0.0625113793,"('bar', 'two')":-0.6090745965,"('foo', 'one')":0.1639521652,"('foo', 'three')":-1.1991398952,"('foo', 'two')":0.058496465}}